Entity,Code,Year,MillitaryExpenditure
United States,USA,1827,0.896102
United States,USA,1828,0.891202
United States,USA,1829,0.877152
United States,USA,1830,0.78604
United States,USA,1831,0.847569
United States,USA,1832,0.816017
United States,USA,1833,1.01072
United States,USA,1834,0.788764
United States,USA,1835,0.724192
United States,USA,1836,0.837349
United States,USA,1837,1.02415
United States,USA,1838,0.942495
United States,USA,1839,0.603848
United States,USA,1840,0.875159
United States,USA,1841,0.918864
United States,USA,1842,0.892537
United States,USA,1843,0.416418
United States,USA,1844,0.694318
United States,USA,1845,0.925973
United States,USA,1846,2.21743
United States,USA,1847,1.47814
United States,USA,1848,1.62606
United States,USA,1849,0.708164
United States,USA,1850,0.811883
United States,USA,1851,0.635898
United States,USA,1852,0.675658
United States,USA,1853,0.679774
United States,USA,1854,0.758131
United States,USA,1855,0.724115
United States,USA,1856,0.742018
United States,USA,1857,0.877271
United States,USA,1858,0.866278
United States,USA,1859,0.624265
United States,USA,1860,0.780456
United States,USA,1861,9.80376
United States,USA,1862,13.0091
United States,USA,1863,11.0011
United States,USA,1864,16.4331
United States,USA,1865,2.34933
United States,USA,1866,1.34969
United States,USA,1867,2.46058
United States,USA,1868,1.67279
United States,USA,1869,1.35572
United States,USA,1870,0.938822
United States,USA,1871,0.841103
United States,USA,1872,0.93333
United States,USA,1873,0.942314
United States,USA,1874,0.816458
United States,USA,1875,0.795138
United States,USA,1876,0.694942
United States,USA,1877,0.535343
United States,USA,1878,0.657025
United States,USA,1879,0.540819
United States,USA,1880,0.528583
United States,USA,1881,0.49268
United States,USA,1882,0.515099
United States,USA,1883,0.445576
United States,USA,1884,0.466747
United States,USA,1885,0.404471
United States,USA,1886,0.410438
United States,USA,1887,0.39352
United States,USA,1888,0.440018
United States,USA,1889,0.459287
United States,USA,1890,0.472253
United States,USA,1891,0.478552
United States,USA,1892,0.461951
United States,USA,1893,0.530064
United States,USA,1894,0.546594
United States,USA,1895,0.471168
United States,USA,1896,0.510103
United States,USA,1897,0.902112
United States,USA,1898,1.59279
United States,USA,1899,0.953005
United States,USA,1900,0.971568
United States,USA,1901,0.782168
United States,USA,1902,0.796422
United States,USA,1903,0.813992
United States,USA,1904,0.899765
United States,USA,1905,0.754656
United States,USA,1906,0.675126
United States,USA,1907,0.834893
United States,USA,1908,0.866757
United States,USA,1909,0.841325
United States,USA,1910,0.805399
United States,USA,1911,0.801343
United States,USA,1912,0.76054
United States,USA,1913,0.774013
United States,USA,1914,0.687578
United States,USA,1915,0.659876
United States,USA,1916,0.553598
United States,USA,1917,1.09267
United States,USA,1918,9.15883
United States,USA,1919,14.1715
United States,USA,1920,1.85964
United States,USA,1921,1.50136
United States,USA,1922,1.16124
United States,USA,1923,0.78659
United States,USA,1924,0.649426
United States,USA,1925,0.644925
United States,USA,1926,0.570218
United States,USA,1927,0.618474
United States,USA,1928,0.689888
United States,USA,1929,0.670456
United States,USA,1930,0.758304
United States,USA,1931,0.903549
United States,USA,1932,1.07903
United States,USA,1933,1.00182
United States,USA,1934,1.20207
United States,USA,1935,1.08538
United States,USA,1936,1.09845
United States,USA,1937,1.11046
United States,USA,1938,1.29488
United States,USA,1939,1.04774
United States,USA,1940,1.60871
United States,USA,1941,4.87001
United States,USA,1942,15.6652
United States,USA,1943,35.5087
United States,USA,1944,38.7405
United States,USA,1945,39.4184
United States,USA,1946,19.8093
United States,USA,1947,5.72728
United States,USA,1948,3.98872
United States,USA,1949,5.08993
United States,USA,1950,4.84976
United States,USA,1951,9.61647
United States,USA,1952,13.0371
United States,USA,1953,12.6765
United States,USA,1954,10.901
United States,USA,1955,9.52381
United States,USA,1956,9.29743
United States,USA,1957,9.39728
United States,USA,1958,9.3985
United States,USA,1959,8.8975
United States,USA,1960,8.33034
United States,USA,1961,8.48031
United States,USA,1962,8.63269
United States,USA,1963,8.18827
United States,USA,1964,7.48775
United States,USA,1965,6.97827
United States,USA,1966,8.31115
United States,USA,1967,8.76689
United States,USA,1968,8.58836
United States,USA,1969,8.01792
United States,USA,1970,7.24592
United States,USA,1971,6.38945
United States,USA,1972,6.03877
United States,USA,1973,5.49175
United States,USA,1974,5.54109
United States,USA,1975,5.34376
United States,USA,1976,4.82629
United States,USA,1977,4.83907
United States,USA,1978,4.62019
United States,USA,1979,4.62585
United States,USA,1980,5.02318
United States,USA,1981,5.24823
United States,USA,1982,5.84983
United States,USA,1983,5.96295
United States,USA,1984,5.83475
United States,USA,1985,5.5805
United States,USA,1986,5.7691
United States,USA,1987,5.60949
United States,USA,1988,5.36308
United States,USA,1989,5.20554
United States,USA,1990,4.82406
United States,USA,1991,4.2296
United States,USA,1992,4.36054
United States,USA,1993,4.32642
United States,USA,1994,4.00318
United States,USA,1995,3.62655
United States,USA,1996,3.41702
United States,USA,1997,3.20403
United States,USA,1998,3.07829
United States,USA,1999,3.02253
United States,USA,2000,2.9422
United States,USA,2001,3.0311
United States,USA,2002,3.17187
United States,USA,2003,3.51332
United States,USA,2004,3.71266
United States,USA,2005,3.77724
United States,USA,2006,3.7609
United States,USA,2007,3.81751
United States,USA,2008,4.14963
United States,USA,2009,4.56846
United States,USA,2010,4.63714
United States,USA,2011,4.42418
United States,USA,2012,4.04056
United States,USA,2013,3.83251
United States,USA,2014,3.50664
United States,USA,2015,3.30444
United States,USA,2016,3.29142
China,CHN,1896,0.331919
China,CHN,1897,0.33239
China,CHN,1898,1.24211
China,CHN,1899,1.27342
China,CHN,1900,1.25474
China,CHN,1901,0.565045
China,CHN,1902,0.857167
China,CHN,1903,0.854688
China,CHN,1904,0.770753
China,CHN,1905,1.04345
China,CHN,1906,0.925174
China,CHN,1911,0.649157
China,CHN,1932,1.04026
China,CHN,1933,1.24441
China,CHN,1934,1.47782
China,CHN,1935,1.54018
China,CHN,1936,1.68236
China,CHN,1949,14.6418
China,CHN,1950,15.0781
China,CHN,1951,15.6318
China,CHN,1952,11.5694
China,CHN,1953,8.9493
China,CHN,1954,8.49029
China,CHN,1955,6.52288
China,CHN,1956,12.5363
China,CHN,1957,13.672
China,CHN,1958,10.4584
China,CHN,1959,10.7535
China,CHN,1960,11.3369
China,CHN,1961,16.0357
China,CHN,1962,19.9291
China,CHN,1963,21.3373
China,CHN,1964,21.8172
China,CHN,1965,19.8056
China,CHN,1966,21.0466
China,CHN,1967,22.7738
China,CHN,1968,25.5797
China,CHN,1969,25.892
China,CHN,1970,26.026
China,CHN,1971,21.8426
China,CHN,1972,20.0103
China,CHN,1973,17.9287
China,CHN,1974,18.821
China,CHN,1975,17.5487
China,CHN,1976,20.8157
China,CHN,1977,18.962
China,CHN,1978,23.5614
China,CHN,1979,16.9294
China,CHN,1980,15.0056
China,CHN,1981,15.555
China,CHN,1982,16.1855
China,CHN,1983,15.0646
China,CHN,1984,9.19306
China,CHN,1985,2.04469
China,CHN,1986,1.94971
China,CHN,1987,2.07239
China,CHN,1988,1.88394
China,CHN,1989,1.9248
China,CHN,1990,1.67918
China,CHN,1991,4.90966
China,CHN,1992,5.68165
China,CHN,1993,6.1786
China,CHN,1994,5.14063
China,CHN,1995,4.49734
China,CHN,1996,4.19913
China,CHN,1997,3.81221
China,CHN,1998,3.72216
China,CHN,1999,3.66134
China,CHN,2000,3.48011
China,CHN,2001,3.45608
China,CHN,2002,4.70642
China,CHN,2003,4.56925
China,CHN,2004,4.339
China,CHN,2005,1.31569
China,CHN,2006,1.28811
China,CHN,2007,1.30986
China,CHN,2008,1.30913
China,CHN,2009,1.38418
China,CHN,2010,1.26418
China,CHN,2011,1.20336
China,CHN,2012,1.2131
China,CHN,2013,1.87233
China,CHN,2014,1.91534
China,CHN,2015,1.93492
China,CHN,2016,1.92296
Japan,JPN,1868,0.703469
Japan,JPN,1869,0.435147
Japan,JPN,1870,0.243758
Japan,JPN,1871,0.504317
Japan,JPN,1872,1.64077
Japan,JPN,1873,1.45304
Japan,JPN,1874,1.78479
Japan,JPN,1875,1.45708
Japan,JPN,1876,1.26214
Japan,JPN,1877,1.07637
Japan,JPN,1878,1.12933
Japan,JPN,1879,1.29871
Japan,JPN,1880,1.3052
Japan,JPN,1881,1.3202
Japan,JPN,1882,1.32972
Japan,JPN,1883,1.54385
Japan,JPN,1884,1.57325
Japan,JPN,1885,1.41103
Japan,JPN,1886,2.54248
Japan,JPN,1887,2.68022
Japan,JPN,1888,2.59632
Japan,JPN,1889,2.53826
Japan,JPN,1890,2.34769
Japan,JPN,1891,2.06393
Japan,JPN,1892,1.63069
Japan,JPN,1893,1.63024
Japan,JPN,1894,10.039
Japan,JPN,1895,7.69705
Japan,JPN,1896,4.35846
Japan,JPN,1897,5.91204
Japan,JPN,1898,5.3869
Japan,JPN,1899,5.11152
Japan,JPN,1900,5.77422
Japan,JPN,1901,4.31155
Japan,JPN,1902,3.50284
Japan,JPN,1903,5.80475
Japan,JPN,1904,23.3349
Japan,JPN,1905,24.5862
Japan,JPN,1906,11.8259
Japan,JPN,1907,5.99001
Japan,JPN,1908,5.9136
Japan,JPN,1909,4.86892
Japan,JPN,1910,4.9326
Japan,JPN,1911,4.80889
Japan,JPN,1912,4.3583
Japan,JPN,1913,4.00396
Japan,JPN,1914,4.85376
Japan,JPN,1915,4.5934
Japan,JPN,1916,4.11936
Japan,JPN,1917,4.21691
Japan,JPN,1918,5.05959
Japan,JPN,1919,5.82878
Japan,JPN,1920,5.98052
Japan,JPN,1921,5.96048
Japan,JPN,1922,4.76676
Japan,JPN,1923,3.78232
Japan,JPN,1924,3.37935
Japan,JPN,1925,2.8914
Japan,JPN,1926,2.86658
Japan,JPN,1927,3.20535
Japan,JPN,1928,3.32283
Japan,JPN,1929,3.22408
Japan,JPN,1930,3.18862
Japan,JPN,1931,3.64019
Japan,JPN,1932,5.44166
Japan,JPN,1933,6.01792
Japan,JPN,1934,5.97598
Japan,JPN,1935,6.13743
Japan,JPN,1936,5.42272
Japan,JPN,1937,13.9572
Japan,JPN,1938,22.3283
Japan,JPN,1939,19.7758
Japan,JPN,1940,20.1744
Japan,JPN,1941,27.8696
Japan,JPN,1942,34.7304
Japan,JPN,1943,46.8605
Japan,JPN,1944,98.9387
Japan,JPN,1945,56.9765
Japan,JPN,1952,1.54788
Japan,JPN,1953,2.07457
Japan,JPN,1954,1.83712
Japan,JPN,1955,1.46197
Japan,JPN,1956,1.38536
Japan,JPN,1957,1.37991
Japan,JPN,1958,1.31327
Japan,JPN,1959,1.21556
Japan,JPN,1960,1.02226
Japan,JPN,1961,0.947911
Japan,JPN,1962,1.01374
Japan,JPN,1963,0.979835
Japan,JPN,1964,0.958284
Japan,JPN,1965,0.938712
Japan,JPN,1966,0.915042
Japan,JPN,1967,0.865278
Japan,JPN,1968,0.825832
Japan,JPN,1969,0.808515
Japan,JPN,1970,0.790431
Japan,JPN,1971,0.950483
Japan,JPN,1972,0.842353
Japan,JPN,1973,0.734815
Japan,JPN,1974,0.848802
Japan,JPN,1975,0.877533
Japan,JPN,1976,0.858872
Japan,JPN,1977,0.776822
Japan,JPN,1978,0.770805
Japan,JPN,1979,0.961528
Japan,JPN,1980,0.854093
Japan,JPN,1981,0.959036
Japan,JPN,1982,0.986748
Japan,JPN,1983,0.956468
Japan,JPN,1984,0.981632
Japan,JPN,1985,1.01466
Japan,JPN,1986,1.01972
Japan,JPN,1987,1.01983
Japan,JPN,1988,0.941039
Japan,JPN,1989,0.995687
Japan,JPN,1990,0.920752
Japan,JPN,1991,0.920955
Japan,JPN,1992,0.995409
Japan,JPN,1993,0.943934
Japan,JPN,1994,0.960191
Japan,JPN,1995,0.941301
Japan,JPN,1996,0.966105
Japan,JPN,1997,0.944994
Japan,JPN,1998,0.98231
Japan,JPN,1999,0.911031
Japan,JPN,2000,0.956543
Japan,JPN,2001,0.949741
Japan,JPN,2002,0.982444
Japan,JPN,2003,0.994023
Japan,JPN,2004,0.969217
Japan,JPN,2005,0.959628
Japan,JPN,2006,0.942757
Japan,JPN,2007,0.941515
Japan,JPN,2008,0.941455
Japan,JPN,2009,1.00953
Japan,JPN,2010,0.988423
Japan,JPN,2011,1.01192
Japan,JPN,2012,0.988295
Japan,JPN,2013,0.950866
Japan,JPN,2014,0.962243
Japan,JPN,2015,0.937771
Japan,JPN,2016,0.934626
United Kingdom,GBR,1827,2.81632
United Kingdom,GBR,1828,2.44793
United Kingdom,GBR,1829,2.56271
United Kingdom,GBR,1830,2.17741
United Kingdom,GBR,1831,2.32969
United Kingdom,GBR,1832,2.33099
United Kingdom,GBR,1833,2.12355
United Kingdom,GBR,1834,1.94473
United Kingdom,GBR,1835,1.6493
United Kingdom,GBR,1836,1.60487
United Kingdom,GBR,1837,1.79111
United Kingdom,GBR,1838,1.73147
United Kingdom,GBR,1839,1.93143
United Kingdom,GBR,1840,2.02054
United Kingdom,GBR,1841,2.26467
United Kingdom,GBR,1842,2.47071
United Kingdom,GBR,1843,2.38639
United Kingdom,GBR,1844,2.10314
United Kingdom,GBR,1845,2.30677
United Kingdom,GBR,1846,2.54295
United Kingdom,GBR,1847,2.6556
United Kingdom,GBR,1848,2.93675
United Kingdom,GBR,1849,2.38315
United Kingdom,GBR,1850,2.48074
United Kingdom,GBR,1851,2.33686
United Kingdom,GBR,1852,2.00452
United Kingdom,GBR,1853,1.57613
United Kingdom,GBR,1854,11.6588
United Kingdom,GBR,1855,5.75241
United Kingdom,GBR,1856,4.75148
United Kingdom,GBR,1857,2.82941
United Kingdom,GBR,1858,3.22421
United Kingdom,GBR,1859,3.61725
United Kingdom,GBR,1860,3.54255
United Kingdom,GBR,1861,3.66371
United Kingdom,GBR,1862,3.39267
United Kingdom,GBR,1863,2.68921
United Kingdom,GBR,1864,2.45319
United Kingdom,GBR,1865,2.41928
United Kingdom,GBR,1866,2.32203
United Kingdom,GBR,1867,2.95922
United Kingdom,GBR,1868,2.99083
United Kingdom,GBR,1869,2.3385
United Kingdom,GBR,1870,1.94099
United Kingdom,GBR,1871,1.42743
United Kingdom,GBR,1872,1.6273
United Kingdom,GBR,1873,1.63023
United Kingdom,GBR,1874,1.63829
United Kingdom,GBR,1875,1.69462
United Kingdom,GBR,1876,1.81505
United Kingdom,GBR,1877,2.06012
United Kingdom,GBR,1878,2.1897
United Kingdom,GBR,1879,2.19974
United Kingdom,GBR,1880,1.76092
United Kingdom,GBR,1881,1.79807
United Kingdom,GBR,1882,1.8728
United Kingdom,GBR,1883,1.89961
United Kingdom,GBR,1884,2.17452
United Kingdom,GBR,1885,3.12416
United Kingdom,GBR,1886,2.39902
United Kingdom,GBR,1887,2.17058
United Kingdom,GBR,1888,2.03571
United Kingdom,GBR,1889,2.05895
United Kingdom,GBR,1890,2.05284
United Kingdom,GBR,1891,2.0597
United Kingdom,GBR,1892,2.2684
United Kingdom,GBR,1893,2.12119
United Kingdom,GBR,1894,2.23504
United Kingdom,GBR,1895,2.34997
United Kingdom,GBR,1896,2.24541
United Kingdom,GBR,1897,2.17741
United Kingdom,GBR,1898,2.2722
United Kingdom,GBR,1899,3.51282
United Kingdom,GBR,1900,6.34414
United Kingdom,GBR,1901,6.17517
United Kingdom,GBR,1902,4.90131
United Kingdom,GBR,1903,3.53004
United Kingdom,GBR,1904,3.17464
United Kingdom,GBR,1905,2.85295
United Kingdom,GBR,1906,2.65121
United Kingdom,GBR,1907,2.51808
United Kingdom,GBR,1908,2.5736
United Kingdom,GBR,1909,2.75497
United Kingdom,GBR,1910,2.86995
United Kingdom,GBR,1911,2.9326
United Kingdom,GBR,1912,2.92037
United Kingdom,GBR,1913,2.79893
United Kingdom,GBR,1914,13.8931
United Kingdom,GBR,1915,33.2246
United Kingdom,GBR,1916,37.9642
United Kingdom,GBR,1917,37.3124
United Kingdom,GBR,1918,33.2948
United Kingdom,GBR,1919,3.0671
United Kingdom,GBR,1920,6.75019
United Kingdom,GBR,1921,4.36399
United Kingdom,GBR,1922,2.78104
United Kingdom,GBR,1923,3.00253
United Kingdom,GBR,1924,3.0294
United Kingdom,GBR,1925,2.66676
United Kingdom,GBR,1926,2.66329
United Kingdom,GBR,1927,2.54078
United Kingdom,GBR,1928,2.42652
United Kingdom,GBR,1929,2.3464
United Kingdom,GBR,1930,2.28275
United Kingdom,GBR,1931,2.50164
United Kingdom,GBR,1932,2.20743
United Kingdom,GBR,1933,1.83842
United Kingdom,GBR,1934,2.37276
United Kingdom,GBR,1935,2.79367
United Kingdom,GBR,1936,3.60009
United Kingdom,GBR,1937,4.72333
United Kingdom,GBR,1938,6.92954
United Kingdom,GBR,1939,30.0745
United Kingdom,GBR,1940,36.1261
United Kingdom,GBR,1941,32.3319
United Kingdom,GBR,1942,35.2291
United Kingdom,GBR,1943,37.7569
United Kingdom,GBR,1944,39.5712
United Kingdom,GBR,1945,42.5514
United Kingdom,GBR,1946,44.1622
United Kingdom,GBR,1947,15.3329
United Kingdom,GBR,1948,7.18305
United Kingdom,GBR,1949,6.86741
United Kingdom,GBR,1950,6.44853
United Kingdom,GBR,1951,7.8342
United Kingdom,GBR,1952,9.78026
United Kingdom,GBR,1953,9.58483
United Kingdom,GBR,1954,8.71842
United Kingdom,GBR,1955,8.0105
United Kingdom,GBR,1956,7.72851
United Kingdom,GBR,1957,7.09281
United Kingdom,GBR,1958,6.89376
United Kingdom,GBR,1959,6.51266
United Kingdom,GBR,1960,6.38877
United Kingdom,GBR,1961,6.24203
United Kingdom,GBR,1962,6.30082
United Kingdom,GBR,1963,6.13162
United Kingdom,GBR,1964,6.00498
United Kingdom,GBR,1965,5.80597
United Kingdom,GBR,1966,5.64673
United Kingdom,GBR,1967,5.71728
United Kingdom,GBR,1968,5.37329
United Kingdom,GBR,1969,4.89189
United Kingdom,GBR,1970,4.49705
United Kingdom,GBR,1971,4.61185
United Kingdom,GBR,1972,4.78372
United Kingdom,GBR,1973,4.47676
United Kingdom,GBR,1974,4.71615
United Kingdom,GBR,1975,4.71028
United Kingdom,GBR,1976,4.7411
United Kingdom,GBR,1977,4.51593
United Kingdom,GBR,1978,4.34725
United Kingdom,GBR,1979,4.35946
United Kingdom,GBR,1980,4.72931
United Kingdom,GBR,1981,4.70949
United Kingdom,GBR,1982,4.68483
United Kingdom,GBR,1983,5.07873
United Kingdom,GBR,1984,5.02146
United Kingdom,GBR,1985,4.89693
United Kingdom,GBR,1986,4.54308
United Kingdom,GBR,1987,4.2515
United Kingdom,GBR,1988,3.50242
United Kingdom,GBR,1989,3.3681
United Kingdom,GBR,1990,3.50498
United Kingdom,GBR,1991,3.52616
United Kingdom,GBR,1992,3.56518
United Kingdom,GBR,1993,3.20096
United Kingdom,GBR,1994,3.1003
United Kingdom,GBR,1995,2.69876
United Kingdom,GBR,1996,2.69702
United Kingdom,GBR,1997,2.46899
United Kingdom,GBR,1998,2.47638
United Kingdom,GBR,1999,2.32319
United Kingdom,GBR,2000,2.29018
United Kingdom,GBR,2001,2.25982
United Kingdom,GBR,2002,2.2647
United Kingdom,GBR,2003,2.22578
United Kingdom,GBR,2004,2.17982
United Kingdom,GBR,2005,2.35119
United Kingdom,GBR,2006,2.3115
United Kingdom,GBR,2007,2.12888
United Kingdom,GBR,2008,2.15788
United Kingdom,GBR,2009,2.54204
United Kingdom,GBR,2010,2.40437
United Kingdom,GBR,2011,2.30983
United Kingdom,GBR,2012,2.32144
United Kingdom,GBR,2013,2.09088
United Kingdom,GBR,2014,1.97213
United Kingdom,GBR,2015,1.88258
United Kingdom,GBR,2016,1.84379
Russia,RUS,1885,3.96177
Russia,RUS,1886,4.32225
Russia,RUS,1887,3.60426
Russia,RUS,1888,3.36606
Russia,RUS,1889,3.81774
Russia,RUS,1890,3.83293
Russia,RUS,1891,4.74788
Russia,RUS,1892,3.96885
Russia,RUS,1893,3.86475
Russia,RUS,1894,3.86705
Russia,RUS,1895,4.3358
Russia,RUS,1896,4.04067
Russia,RUS,1897,4.03685
Russia,RUS,1898,3.5247
Russia,RUS,1899,3.63452
Russia,RUS,1900,3.68991
Russia,RUS,1901,3.64382
Russia,RUS,1902,3.4173
Russia,RUS,1903,3.78463
Russia,RUS,1904,3.56329
Russia,RUS,1905,12.7029
Russia,RUS,1906,6.85147
Russia,RUS,1907,4.8827
Russia,RUS,1908,3.70908
Russia,RUS,1909,3.48414
Russia,RUS,1910,3.39408
Russia,RUS,1911,3.54497
Russia,RUS,1912,3.51004
Russia,RUS,1913,3.97165
Russia,RUS,1914,10.3269
Russia,RUS,1915,52.8596
Russia,RUS,1916,96.7244
Russia,RUS,1919,189.716
Russia,RUS,1920,32.1837
Russia,RUS,1921,51.8733
Russia,RUS,1922,48.3393
Russia,RUS,1923,21.703
Russia,RUS,1924,17.2003
Russia,RUS,1925,20.7347
Russia,RUS,1926,21.2766
Russia,RUS,1927,23.7419
Russia,RUS,1928,25.5499
Russia,RUS,1929,34.3238
Russia,RUS,1930,36.3173
Russia,RUS,1931,25.2317
Russia,RUS,1932,9.6581
Russia,RUS,1933,6.72232
Russia,RUS,1934,4.98516
Russia,RUS,1935,5.4955
Russia,RUS,1936,7.80957
Russia,RUS,1937,8.2285
Russia,RUS,1938,12.5158
Russia,RUS,1939,12.7252
Russia,RUS,1940,11.1537
Russia,RUS,1945,13.6222
Russia,RUS,1946,20.323
Russia,RUS,1947,12.9006
Russia,RUS,1948,13.4728
Russia,RUS,1949,14.0704
Russia,RUS,1950,16.7264
Russia,RUS,1951,21.7682
Russia,RUS,1952,22.947
Russia,RUS,1953,27.4878
Russia,RUS,1954,29.675
Russia,RUS,1955,28.7282
Russia,RUS,1956,19.8328
Russia,RUS,1957,17.8849
Russia,RUS,1958,17.1874
Russia,RUS,1959,18.4158
Russia,RUS,1960,18.5324
Russia,RUS,1961,20.8009
Russia,RUS,1962,22.0729
Russia,RUS,1963,20.2961
Russia,RUS,1964,18.9495
Russia,RUS,1965,17.3538
Russia,RUS,1966,16.9127
Russia,RUS,1967,16.8321
Russia,RUS,1968,18.7514
Russia,RUS,1969,19.0191
Russia,RUS,1970,17.8426
Russia,RUS,1971,18.0918
Russia,RUS,1972,17.1921
Russia,RUS,1973,15.6188
Russia,RUS,1974,17.6603
Russia,RUS,1975,18.5161
Russia,RUS,1976,19.9565
Russia,RUS,1977,20.1669
Russia,RUS,1978,19.3807
Russia,RUS,1979,19.9251
Russia,RUS,1980,21.3516
Russia,RUS,1981,24.1563
Russia,RUS,1982,24.6493
Russia,RUS,1983,25.1693
Russia,RUS,1984,27.9893
Russia,RUS,1985,29.7858
Russia,RUS,1986,30.3933
Russia,RUS,1987,34.0098
Russia,RUS,1988,36.6437
Russia,RUS,1989,13.7823
Russia,RUS,1990,16.4844
Russia,RUS,1992,10.1926
Russia,RUS,1993,6.68404
Russia,RUS,1994,24.4396
Russia,RUS,1995,20.7272
Russia,RUS,1996,18.8738
Russia,RUS,1997,15.795
Russia,RUS,1998,21.0606
Russia,RUS,1999,28.9931
Russia,RUS,2000,19.9959
Russia,RUS,2001,20.7682
Russia,RUS,2002,14.6859
Russia,RUS,2003,15.1283
Russia,RUS,2004,10.3995
Russia,RUS,2005,2.45442
Russia,RUS,2006,2.47845
Russia,RUS,2007,2.47723
Russia,RUS,2008,2.41685
Russia,RUS,2009,3.11644
Russia,RUS,2010,2.75025
Russia,RUS,2011,2.53766
Russia,RUS,2012,2.69863
Russia,RUS,2013,3.9609
Russia,RUS,2014,4.10418
Russia,RUS,2015,4.86276
Russia,RUS,2016,5.39819
France,FRA,1827,2.44233
France,FRA,1828,2.91663
France,FRA,1829,2.51329
France,FRA,1830,2.83041
France,FRA,1831,4.13921
France,FRA,1832,3.52289
France,FRA,1833,3.18918
France,FRA,1834,2.74016
France,FRA,1835,2.47343
France,FRA,1836,2.29061
France,FRA,1837,2.48046
France,FRA,1838,2.36483
France,FRA,1839,2.55702
France,FRA,1840,3.45663
France,FRA,1841,3.64405
France,FRA,1842,3.75588
France,FRA,1843,3.42684
France,FRA,1844,3.26986
France,FRA,1845,3.27258
France,FRA,1846,3.3284
France,FRA,1847,3.04092
France,FRA,1848,4.36434
France,FRA,1849,3.4861
France,FRA,1850,2.99597
France,FRA,1851,2.93726
France,FRA,1852,2.7284
France,FRA,1853,2.70238
France,FRA,1854,4.12638
France,FRA,1855,5.969
France,FRA,1856,4.60392
France,FRA,1857,2.78662
France,FRA,1858,2.71357
France,FRA,1859,4.55074
France,FRA,1860,3.12746
France,FRA,1861,3.17224
France,FRA,1862,3.07102
France,FRA,1863,3.14251
France,FRA,1864,3.0617
France,FRA,1865,2.87306
France,FRA,1866,2.68015
France,FRA,1867,3.25945
France,FRA,1868,2.63085
France,FRA,1869,2.37741
France,FRA,1870,6.20981
France,FRA,1871,5.86363
France,FRA,1872,2.41752
France,FRA,1873,2.62385
France,FRA,1874,2.40343
France,FRA,1875,2.45391
France,FRA,1876,2.82384
France,FRA,1877,2.85704
France,FRA,1878,3.02107
France,FRA,1879,3.2344
France,FRA,1880,3.26551
France,FRA,1881,3.53041
France,FRA,1882,3.5937
France,FRA,1883,3.56157
France,FRA,1884,3.46458
France,FRA,1885,3.59653
France,FRA,1886,3.49229
France,FRA,1887,3.56015
France,FRA,1888,3.45574
France,FRA,1889,3.37704
France,FRA,1890,3.2099
France,FRA,1891,3.20652
France,FRA,1892,3.2388
France,FRA,1893,3.21621
France,FRA,1894,3.24595
France,FRA,1895,3.33879
France,FRA,1896,3.16103
France,FRA,1897,3.09626
France,FRA,1898,2.95864
France,FRA,1899,3.00844
France,FRA,1900,3.11338
France,FRA,1901,3.42414
France,FRA,1902,3.18613
France,FRA,1903,2.93816
France,FRA,1904,2.96638
France,FRA,1905,3.17869
France,FRA,1906,3.22703
France,FRA,1907,2.87143
France,FRA,1908,3.03429
France,FRA,1909,2.97662
France,FRA,1910,3.05451
France,FRA,1911,3.10581
France,FRA,1912,3.13794
France,FRA,1913,3.39627
France,FRA,1914,13.9608
France,FRA,1915,43.5325
France,FRA,1916,45.4849
France,FRA,1917,47.4793
France,FRA,1918,55.3142
France,FRA,1919,4.41515
France,FRA,1920,2.93594
France,FRA,1921,3.19252
France,FRA,1922,3.73017
France,FRA,1923,3.64061
France,FRA,1924,2.30108
France,FRA,1925,2.74792
France,FRA,1926,2.68031
France,FRA,1927,3.78513
France,FRA,1928,2.94461
France,FRA,1929,2.7862
France,FRA,1930,3.80252
France,FRA,1931,4.23158
France,FRA,1932,5.2016
France,FRA,1933,4.20836
France,FRA,1934,4.68271
France,FRA,1935,6.42638
France,FRA,1936,6.60921
France,FRA,1937,6.34619
France,FRA,1938,7.71752
France,FRA,1939,8.99337
France,FRA,1940,73.774
France,FRA,1941,6.56991
France,FRA,1942,6.79275
France,FRA,1944,9.2879
France,FRA,1945,5.66028
France,FRA,1946,6.13315
France,FRA,1947,6.03233
France,FRA,1948,4.28796
France,FRA,1949,5.25323
France,FRA,1950,5.56047
France,FRA,1951,6.76846
France,FRA,1952,7.92357
France,FRA,1953,8.77181
France,FRA,1954,8.17118
France,FRA,1955,6.60149
France,FRA,1956,7.4013
France,FRA,1957,6.88155
France,FRA,1958,6.75206
France,FRA,1959,7.32884
France,FRA,1960,6.20351
France,FRA,1961,6.03573
France,FRA,1962,5.90315
France,FRA,1963,5.45848
France,FRA,1964,5.24494
France,FRA,1965,5.06527
France,FRA,1966,4.93616
France,FRA,1967,4.92959
France,FRA,1968,4.55344
France,FRA,1969,4.11032
France,FRA,1970,3.98995
France,FRA,1971,3.76797
France,FRA,1972,3.67762
France,FRA,1973,3.58037
France,FRA,1974,3.47064
France,FRA,1975,3.57318
France,FRA,1976,3.56473
France,FRA,1977,3.64723
France,FRA,1978,3.70988
France,FRA,1979,3.67351
France,FRA,1980,3.75057
France,FRA,1981,3.83092
France,FRA,1982,3.8318
France,FRA,1983,3.85314
France,FRA,1984,3.77484
France,FRA,1985,2.98095
France,FRA,1986,3.12601
France,FRA,1987,3.14301
France,FRA,1988,2.99634
France,FRA,1989,2.76985
France,FRA,1990,2.71349
France,FRA,1991,2.91769
France,FRA,1992,2.45932
France,FRA,1993,2.79306
France,FRA,1994,3.21907
France,FRA,1995,2.96652
France,FRA,1996,2.93414
France,FRA,1997,2.8408
France,FRA,1998,2.70086
France,FRA,1999,2.52023
France,FRA,2000,2.48516
France,FRA,2001,2.38057
France,FRA,2002,2.42662
France,FRA,2003,2.4979
France,FRA,2004,2.47973
France,FRA,2005,2.41125
France,FRA,2006,2.33238
France,FRA,2007,2.27657
France,FRA,2008,2.27861
France,FRA,2009,2.01111
France,FRA,2010,1.96343
France,FRA,2011,1.86687
France,FRA,2012,1.86884
France,FRA,2013,2.22243
France,FRA,2014,2.2326
France,FRA,2015,2.27422
France,FRA,2016,2.26159
Italy,ITA,1861,3.85126
Italy,ITA,1862,4.61985
Italy,ITA,1863,4.38339
Italy,ITA,1864,4.27425
Italy,ITA,1865,2.91283
Italy,ITA,1866,6.85636
Italy,ITA,1867,2.28602
Italy,ITA,1868,2.04621
Italy,ITA,1869,1.99669
Italy,ITA,1870,2.39437
Italy,ITA,1871,1.90056
Italy,ITA,1872,1.88564
Italy,ITA,1873,2.00067
Italy,ITA,1874,1.82833
Italy,ITA,1875,2.12072
Italy,ITA,1876,2.23249
Italy,ITA,1877,2.21184
Italy,ITA,1878,2.33984
Italy,ITA,1879,2.1928
Italy,ITA,1880,2.23202
Italy,ITA,1881,2.47924
Italy,ITA,1882,2.56938
Italy,ITA,1883,3.08159
Italy,ITA,1884,3.2081
Italy,ITA,1885,3.00291
Italy,ITA,1886,2.96805
Italy,ITA,1887,4.07287
Italy,ITA,1888,5.31229
Italy,ITA,1889,4.00516
Italy,ITA,1890,3.42197
Italy,ITA,1891,2.99441
Italy,ITA,1892,3.19333
Italy,ITA,1893,3.2812
Italy,ITA,1894,2.99633
Italy,ITA,1895,4.07551
Italy,ITA,1896,3.36704
Italy,ITA,1897,3.43232
Italy,ITA,1898,3.09292
Italy,ITA,1899,2.86496
Italy,ITA,1900,2.95144
Italy,ITA,1901,2.70398
Italy,ITA,1902,2.75102
Italy,ITA,1903,2.61917
Italy,ITA,1904,2.69521
Italy,ITA,1905,2.60357
Italy,ITA,1906,2.60965
Italy,ITA,1907,2.43094
Italy,ITA,1908,2.79832
Italy,ITA,1909,2.77678
Italy,ITA,1910,3.17957
Italy,ITA,1911,3.83471
Italy,ITA,1912,4.8718
Italy,ITA,1913,4.83568
Italy,ITA,1914,2.20575
Italy,ITA,1915,2.73748
Italy,ITA,1916,3.36143
Italy,ITA,1917,3.48004
Italy,ITA,1918,3.39536
Italy,ITA,1919,3.75593
Italy,ITA,1920,6.49659
Italy,ITA,1921,11.8778
Italy,ITA,1922,7.63617
Italy,ITA,1923,3.51597
Italy,ITA,1924,3.34919
Italy,ITA,1925,2.68414
Italy,ITA,1926,2.80412
Italy,ITA,1927,4.13447
Italy,ITA,1928,3.50873
Italy,ITA,1929,3.57046
Italy,ITA,1930,4.06645
Italy,ITA,1931,5.164
Italy,ITA,1932,5.15983
Italy,ITA,1933,5.31238
Italy,ITA,1934,5.33287
Italy,ITA,1935,5.55803
Italy,ITA,1936,13.2492
Italy,ITA,1937,16.6537
Italy,ITA,1938,9.2714
Italy,ITA,1939,7.62052
Italy,ITA,1940,6.16456
Italy,ITA,1941,4.68247
Italy,ITA,1942,3.30828
Italy,ITA,1946,1.61782
Italy,ITA,1947,1.39205
Italy,ITA,1948,3.41691
Italy,ITA,1949,3.6096
Italy,ITA,1950,3.77312
Italy,ITA,1951,4.2519
Italy,ITA,1952,4.5028
Italy,ITA,1953,3.72569
Italy,ITA,1954,3.96306
Italy,ITA,1955,3.66826
Italy,ITA,1956,3.56956
Italy,ITA,1957,3.47365
Italy,ITA,1958,3.40315
Italy,ITA,1959,3.29201
Italy,ITA,1960,2.82528
Italy,ITA,1961,2.68923
Italy,ITA,1962,2.74599
Italy,ITA,1963,2.87789
Italy,ITA,1964,2.85054
Italy,ITA,1965,2.85773
Italy,ITA,1966,2.92338
Italy,ITA,1967,2.68544
Italy,ITA,1968,2.56412
Italy,ITA,1969,2.34242
Italy,ITA,1970,2.21303
Italy,ITA,1971,2.3962
Italy,ITA,1972,2.554
Italy,ITA,1973,2.3477
Italy,ITA,1974,2.20289
Italy,ITA,1975,2.07899
Italy,ITA,1976,1.92711
Italy,ITA,1977,1.9997
Italy,ITA,1978,1.98693
Italy,ITA,1979,1.98006
Italy,ITA,1980,2.01056
Italy,ITA,1981,1.85301
Italy,ITA,1982,2.1309
Italy,ITA,1983,2.17555
Italy,ITA,1984,2.13204
Italy,ITA,1985,1.88449
Italy,ITA,1986,1.52803
Italy,ITA,1987,1.65876
Italy,ITA,1988,1.81316
Italy,ITA,1989,1.80019
Italy,ITA,1990,1.65425
Italy,ITA,1991,1.58239
Italy,ITA,1992,1.50187
Italy,ITA,1993,1.93534
Italy,ITA,1994,1.46743
Italy,ITA,1995,1.6546
Italy,ITA,1996,1.82809
Italy,ITA,1997,1.83278
Italy,ITA,1998,1.88936
Italy,ITA,1999,1.81518
Italy,ITA,2000,1.79204
Italy,ITA,2001,1.80358
Italy,ITA,2002,1.92383
Italy,ITA,2003,1.93702
Italy,ITA,2004,1.88513
Italy,ITA,2005,1.81741
Italy,ITA,2006,1.71067
Italy,ITA,2007,1.71346
Italy,ITA,2008,1.28292
Italy,ITA,2009,1.38835
Italy,ITA,2010,1.03075
Italy,ITA,2011,1.32815
Italy,ITA,2012,1.27389
Italy,ITA,2013,1.5908
Italy,ITA,2014,1.4673
Italy,ITA,2015,1.38614
Italy,ITA,2016,1.51031
Germany,DEU,1871,3.86478
Germany,DEU,1872,1.58726
Germany,DEU,1873,1.57937
Germany,DEU,1874,1.81321
Germany,DEU,1875,2.20135
Germany,DEU,1876,2.15669
Germany,DEU,1877,2.38925
Germany,DEU,1878,2.17292
Germany,DEU,1879,2.32648
Germany,DEU,1880,2.25687
Germany,DEU,1881,2.3577
Germany,DEU,1882,2.27842
Germany,DEU,1883,2.17054
Germany,DEU,1884,2.16666
Germany,DEU,1885,2.06939
Germany,DEU,1886,2.13579
Germany,DEU,1887,3.00762
Germany,DEU,1888,3.63032
Germany,DEU,1889,2.17426
Germany,DEU,1890,3.03671
Germany,DEU,1891,2.4508
Germany,DEU,1892,2.62951
Germany,DEU,1893,2.84081
Germany,DEU,1894,2.66214
Germany,DEU,1895,2.36932
Germany,DEU,1896,2.19925
Germany,DEU,1897,2.61038
Germany,DEU,1898,2.35587
Germany,DEU,1899,2.24621
Germany,DEU,1900,2.31556
Germany,DEU,1901,2.55153
Germany,DEU,1902,2.59409
Germany,DEU,1903,2.33478
Germany,DEU,1904,2.21248
Germany,DEU,1905,2.24864
Germany,DEU,1906,2.26487
Germany,DEU,1907,2.33018
Germany,DEU,1908,2.63352
Germany,DEU,1909,2.53885
Germany,DEU,1910,2.53593
Germany,DEU,1911,2.44265
Germany,DEU,1912,2.34824
Germany,DEU,1913,3.20447
Germany,DEU,1914,15.4289
Germany,DEU,1915,55.6091
Germany,DEU,1916,48.5269
Germany,DEU,1917,56.4607
Germany,DEU,1918,59.3544
Germany,DEU,1919,0.655749
Germany,DEU,1920,0.523965
Germany,DEU,1921,0.520979
Germany,DEU,1922,0.188449
Germany,DEU,1923,6.88568
Germany,DEU,1924,0.815605
Germany,DEU,1925,0.864748
Germany,DEU,1926,0.972973
Germany,DEU,1927,0.821077
Germany,DEU,1928,0.857582
Germany,DEU,1929,0.838076
Germany,DEU,1930,0.932223
Germany,DEU,1931,1.08611
Germany,DEU,1932,1.26103
Germany,DEU,1933,2.66324
Germany,DEU,1934,2.69116
Germany,DEU,1935,5.2612
Germany,DEU,1936,6.92989
Germany,DEU,1937,8.63737
Germany,DEU,1938,17.528
Germany,DEU,1939,25.8844
Germany,DEU,1940,44.1935
Germany,DEU,1941,57.032
Germany,DEU,1942,71.8509
Germany,DEU,1943,85.5267
Germany,DEU,1944,94.5016
Germany,DEU,1945,22.3587
Germany,DEU,1991,1.7291
Germany,DEU,1992,1.56207
Germany,DEU,1993,1.77182
Germany,DEU,1994,1.59793
Germany,DEU,1995,1.58774
Germany,DEU,1996,1.58955
Germany,DEU,1997,1.49616
Germany,DEU,1998,1.50572
Germany,DEU,1999,1.41737
Germany,DEU,2000,1.43014
Germany,DEU,2001,1.37895
Germany,DEU,2002,1.41097
Germany,DEU,2003,1.4065
Germany,DEU,2004,1.33962
Germany,DEU,2005,1.33562
Germany,DEU,2006,1.26201
Germany,DEU,2007,1.22339
Germany,DEU,2008,1.2404
Germany,DEU,2009,1.38181
Germany,DEU,2010,1.34228
Germany,DEU,2011,1.224
Germany,DEU,2012,1.15419
Germany,DEU,2013,1.22399
Germany,DEU,2014,1.18843
Germany,DEU,2015,1.18368
Germany,DEU,2016,1.18488
Canada,CAN,1920,0.238497
Canada,CAN,1921,0.281682
Canada,CAN,1922,0.241238
Canada,CAN,1923,0.299433
Canada,CAN,1924,0.289616
Canada,CAN,1925,0.261132
Canada,CAN,1926,0.270887
Canada,CAN,1927,0.301174
Canada,CAN,1928,0.312124
Canada,CAN,1929,0.345763
Canada,CAN,1930,0.396729
Canada,CAN,1931,0.4042
Canada,CAN,1932,0.357311
Canada,CAN,1933,0.536292
Canada,CAN,1934,0.322795
Canada,CAN,1935,0.582346
Canada,CAN,1936,0.534881
Canada,CAN,1937,0.618459
Canada,CAN,1938,0.673383
Canada,CAN,1939,2.32707
Canada,CAN,1940,12.7665
Canada,CAN,1941,14.3563
Canada,CAN,1942,25.1047
Canada,CAN,1943,38.5802
Canada,CAN,1944,33.9405
Canada,CAN,1945,24.6924
Canada,CAN,1946,14.003
Canada,CAN,1947,3.11163
Canada,CAN,1948,1.26127
Canada,CAN,1949,2.32229
Canada,CAN,1950,2.63836
Canada,CAN,1951,5.60047
Canada,CAN,1952,7.35326
Canada,CAN,1953,7.68672
Canada,CAN,1954,6.80125
Canada,CAN,1955,6.51938
Canada,CAN,1956,5.81091
Canada,CAN,1957,5.46128
Canada,CAN,1958,4.90786
Canada,CAN,1959,4.42148
Canada,CAN,1960,4.21219
Canada,CAN,1961,4.22269
Canada,CAN,1962,4.12212
Canada,CAN,1963,3.5566
Canada,CAN,1964,3.44051
Canada,CAN,1965,2.86896
Canada,CAN,1966,2.72832
Canada,CAN,1967,2.80286
Canada,CAN,1968,2.52615
Canada,CAN,1969,2.28185
Canada,CAN,1970,2.18875
Canada,CAN,1971,2.11876
Canada,CAN,1972,1.99425
Canada,CAN,1973,1.83277
Canada,CAN,1974,1.82254
Canada,CAN,1975,1.75524
Canada,CAN,1976,1.7544
Canada,CAN,1977,1.83141
Canada,CAN,1978,1.83525
Canada,CAN,1979,1.69121
Canada,CAN,1980,1.59969
Canada,CAN,1981,1.69839
Canada,CAN,1982,1.96874
Canada,CAN,1983,1.92637
Canada,CAN,1984,2.01425
Canada,CAN,1985,1.84821
Canada,CAN,1986,1.90094
Canada,CAN,1987,1.84009
Canada,CAN,1988,1.73856
Canada,CAN,1989,1.67494
Canada,CAN,1990,1.72165
Canada,CAN,1991,1.86496
Canada,CAN,1992,1.72919
Canada,CAN,1993,1.66107
Canada,CAN,1994,1.67454
Canada,CAN,1995,1.51053
Canada,CAN,1996,1.37099
Canada,CAN,1997,1.19418
Canada,CAN,1998,1.21417
Canada,CAN,1999,1.24169
Canada,CAN,2000,1.11937
Canada,CAN,2001,1.05163
Canada,CAN,2002,1.12175
Canada,CAN,2003,1.13037
Canada,CAN,2004,1.12335
Canada,CAN,2005,1.12992
Canada,CAN,2006,1.14619
Canada,CAN,2007,1.26149
Canada,CAN,2008,1.26958
Canada,CAN,2009,1.42054
Canada,CAN,2010,1.25434
Canada,CAN,2011,1.12191
Canada,CAN,2012,1.00763
Canada,CAN,2013,1.00486
Canada,CAN,2014,0.995806
Canada,CAN,2015,0.986422
Canada,CAN,2016,0.99131